model_name,val_accuracy
lenet,86.02564102564104
vgg16,85.8974358974359
resnet18,93.58974358974359
vit,88.07692307692308
